skenario,h,infected_maksimum,hari_puncak,hari_siaga,waktu_komputasi_detik,selisih_infected_maksimum_dari_h1,selisih_hari_puncak_dari_h1
h = 1,1.0,9070212.526092948,86.0,72.0,0.0011304999934509397,0.0,0.0
h = 0.5,0.5,8911527.24320992,83.0,69.0,0.0012854999949922785,158685.28288302757,3.0
