beta,gamma,h,infected_maksimum,hari_puncak,hari_siaga,waktu_komputasi_detik
0.2,0.14285714285714285,1,601709.090815002,150.0,136.0,0.0009752999903867021
0.3,0.14285714285714285,1,9070212.526092948,86.0,72.0,0.0009083999902941287
0.4,0.14285714285714285,1,14873088.388198677,57.0,43.0,0.0008958999969763681
