beta,gamma,h,infected_maksimum,hari_puncak,hari_siaga,waktu_komputasi_detik
0.3,0.2,1,3323956.0586859337,119.0,105.0,0.0010450999980093911
0.3,0.14285714285714285,1,9070212.526092948,86.0,72.0,0.001106299998355098
0.3,0.1,1,16024078.886738515,72.0,58.0,0.001261600002180785
